Sample,Metabolite1,Metabolite2,Metabolite3,Metabolite4,Metabolite5,Metabolite6,Metabolite7,Metabolite8,Metabolite9,Metabolite10,Metabolite11,Metabolite12,Metabolite13,Metabolite14,Metabolite15,Metabolite16,Metabolite17,Metabolite18,Metabolite19,Metabolite20
QBC-092,40.52484102,48.41220785,45.0786037,45.89288271,49.88763137,46.83004173,44.0026998,44.23355765,49.24494255,34.03044505,41.13695601,38.69006313,53.23058159,48.4693335,43.48534766,31.59045825,42.37254339,38.47786944,0.5881308011,0.6813627188
QBC-256,27.55321171,33.02108654,32.59710854,32.03121491,36.13957856,31.44421158,30.79512761,31.57290314,42.40508607,23.42601132,28.723405,32.68688147,37.60907061,30.4235286,31.44043349,24.0882163,32.77124428,32.15636203,0.8977137279,0.4904519989
QBC-107,30.63582572,36.71102176,36.30568041,36.67756633,40.47190819,36.03886566,32.32695065,33.01536463,43.81640031,23.41901121,35.70852952,31.75555969,42.17907576,32.79494549,33.13769552,22.21196615,27.88118887,31.78433731,0.8915307295,0.1284032421
QBC-171,35.66405525,44.07779647,38.83548758,42.32454614,41.95601437,34.43953673,37.42084604,37.18707659,43.1459541,29.11477003,36.31468893,34.4973219,49.88362422,39.0424114,41.17399385,23.3567723,35.76510592,33.35986316,0.8158374773,0.5038309319
QPRC-110,34.45904839,42.90027233,41.46124215,43.52409487,46.96856528,41.1952169,40.64593924,39.19648506,42.87900088,29.81822499,36.57456861,35.33084382,48.12151968,45.7166136,36.70769041,28.09367118,38.39747054,34.14038189,0.03588958562,0.4096691041
QBC-240,34.78256083,38.31129437,38.95223489,40.58650031,44.7497615,41.06055092,37.43552074,38.61955057,44.29668308,29.75063117,36.38871722,33.14593751,42.78741023,37.13793882,33.38046576,24.33961493,28.64518476,32.15507741,0.6917575818,0.2555973758
QPRC-019,36.9990189,41.42093177,38.61620321,45.51568976,46.6656886,37.01283776,39.87730632,40.30094734,48.49633804,32.35685634,37.65240581,36.47899305,50.99043721,38.68743917,35.44893025,23.72062102,33.12699184,30.67846252,0.378680942,0.6180660263
QBC-183,31.93453302,38.67028193,34.51510569,36.12720545,36.56869258,33.57833201,33.47895263,35.71289845,39.82151981,26.97025963,33.33979713,32.64103992,45.6244752,35.16860207,34.88690958,24.37912563,34.41642484,28.21467735,0.5185109454,0.8950144486
QBC-086,30.81030369,34.04863072,33.03578462,31.9020215,36.55995746,29.06362562,28.69179402,36.09013125,43.20143755,24.59884235,28.99158332,30.11174345,44.36475906,25.02870212,33.2938087,15.69446549,30.51669176,27.02276323,0.6579514656,0.6675023909
QPRC-039,34.56479066,40.97150235,37.97607464,38.26664172,41.88344225,37.13861745,35.30159743,35.89941386,44.36768567,29.49945466,38.15599211,33.46210409,48.34537345,37.46487895,38.26882167,25.09925108,31.43343816,32.27903094,0.1938502179,0.5758533559
QBC-232,31.58989096,35.03138263,32.19031041,36.86533351,38.32533483,34.23419251,30.68726926,32.59431104,39.36392798,25.44661408,32.38674827,29.51710268,39.11044642,30.86830038,32.4148979,20.3845962,29.12412554,28.57324475,0.2723164021,0.6487204822
QPRC-104,32.38460236,38.57794223,37.34868393,39.22785957,43.84001747,35.72878813,35.84433741,36.58705674,43.89828385,27.41136116,32.95332502,33.58495397,46.11898975,37.66233466,35.47334239,22.9988539,36.91665029,32.05714913,0.7186059336,0.9610767657
QBC-119,39.30500902,43.8874753,37.10580804,46.6630849,43.16858643,39.79348386,38.90962207,39.73288377,43.04737662,34.72015233,38.71198351,32.30702973,48.37823045,38.77467212,37.43226011,22.96999265,28.78805409,27.75703509,0.7830036095,0.8643692473
QBC-269,34.02495015,40.31945293,37.38786461,40.94966351,41.84786159,41.32063412,36.77762697,38.03793858,39.35440728,27.07379821,36.53163325,32.40674273,43.61506793,40.53085761,36.72594746,27.38855526,34.94321862,32.15673455,0.8503276398,0.7827287767
QBC-247,31.88658477,38.46312289,40.04878281,44.25975113,44.38912111,38.72696166,37.10324686,37.08785225,48.64808405,29.6818573,36.82270551,35.17979666,45.67491122,36.93449568,33.5262908,24.4031897,27.99606552,34.16129145,0.775244894,0.3111033205
QBC-031,33.95700837,39.70720626,38.92807681,37.82554108,40.88376326,40.12447336,34.93275577,40.73050372,43.17912439,27.55777416,33.40931587,33.18390522,45.40362514,35.82771641,35.29398758,24.16859586,33.6775316,32.17797373,0.03666430642,0.2719138604
QBC-268,36.952265,42.63737117,41.40263551,44.4246765,45.58858912,41.95780089,38.83319486,41.216005,50.26741036,33.27365306,38.49983978,36.68951766,51.71448796,38.91972508,40.18082567,26.48960688,32.87164619,34.25695525,0.1166937351,0.9573805422
QBC-173,33.36722701,38.96390882,32.85771247,36.06558058,37.13271979,33.12831235,35.41838726,34.36580403,34.95449235,24.1182718,32.89400057,29.16055725,41.13004205,35.04771082,34.67230584,21.02483851,33.13521282,26.3478219,0.7512806995,0.51644268
QBC-210,33.60044101,38.25614426,34.78876996,39.69479021,41.32381694,37.63695811,36.16823763,37.44576974,38.37048817,29.55719701,31.14635107,29.83231882,42.48445613,37.30126625,33.11146176,22.48104883,33.75227618,26.36531579,0.2392182162,0.4174255271
QPRC-108,35.55309565,39.49058722,36.30770563,34.70138049,39.60249354,34.83334939,34.77416407,37.60347547,43.66875559,27.20696669,33.43037495,32.02258505,46.08354235,34.90366469,37.62018702,22.28115361,31.91872602,30.07745487,0.2548060139,0.638863069
QPRC-115,29.53392059,29.72188709,27.589401,28.67466929,34.67076959,32.02919341,28.82978636,29.2312532,34.04429131,20.51155456,27.32514831,25.7688767,30.3805639,29.20492654,29.39303605,20.03648476,27.63409119,26.31900703,0.8576255312,0.689527361
QIGR-005,31.17235807,37.4450404,36.78076387,42.48999733,45.0797413,35.30251474,37.06646779,34.25444524,45.46305146,28.83524163,33.73761921,34.63597664,45.2957281,39.15327641,34.99271777,23.64772051,33.87110305,33.74237072,0.9497790261,0.7684864949
QBC-264,32.62864474,38.85475602,36.72532092,37.13991824,42.7977509,36.8988946,36.20769014,36.74303587,44.97864335,27.51431415,36.51044346,33.19894857,46.80481425,38.0422934,34.06205848,27.4152747,34.42957848,30.56022757,0.561686858,0.4428545877
QBC-286,30.63907941,38.95055608,35.56584358,34.84876888,35.3880252,34.35314837,35.92240265,36.99023294,39.07921255,25.60521967,30.74569615,29.0202616,42.65926412,34.64672745,30.12346989,19.95846523,28.85912552,26.19199468,0.1787805198,0.9513144901
QPRC-012,34.67771813,43.13892788,40.12330342,39.27292876,43.32032353,38.45785157,38.1770762,40.41359166,48.6249403,32.18776291,33.60260295,35.36442873,51.71504527,40.78297084,42.1511919,28.22951745,38.05027351,36.26947396,0.7702519331,0.5327912851
QPRC-106,28.13609404,32.82511685,29.44796557,35.81657044,35.43625723,30.44874367,29.52457235,30.54910934,37.59465378,23.80363842,30.54620171,26.51752244,40.49973315,30.97101863,32.73114516,18.36253223,26.26548395,25.12752044,0.4923810396,0.3135613791
QBC-205,30.75465165,38.37357029,33.72784323,43.29785146,37.75489058,37.84131728,36.99871712,33.29267207,37.89516141,24.65551324,36.27223603,31.78491384,38.71980506,38.81331262,31.38331786,25.38456517,31.85324398,29.7223831,0.6312530656,0.2035220635
QBC-046,28.03755091,33.82663348,31.28878289,35.82375064,38.80723245,27.89134899,31.54281552,30.99143738,41.4077147,23.93779259,29.40098688,29.17246625,43.85377925,32.23240508,32.48528937,17.64456586,29.97497442,26.62674165,0.8394979229,0.9853476185
QBC-018,37.47395218,44.20115187,40.7195316,44.24021702,46.00664484,40.34576737,39.75697174,39.401158,46.847609,32.22310365,39.44733626,36.32483877,51.37152275,40.69276557,42.74079472,26.0432749,36.34446631,35.36207378,0.4610393963,0.4678392114
QBC-170,28.80181681,35.72856842,35.73970679,34.94076125,39.47092931,34.52390612,31.89316494,30.55491684,41.59842457,26.52848694,32.45724364,32.9499735,42.91970186,36.90091351,37.99520045,26.0005518,31.78525326,34.54083854,0.4979400733,0.7029292205
QBC-174,28.77921186,37.15031403,32.88126681,35.8252026,37.40162011,32.38567795,33.37579683,32.51478543,36.2874869,24.73318214,32.94028947,28.08158849,42.22736633,35.96009482,33.97142725,22.34675873,30.49014162,26.98533456,0.6794111176,0.154604088
QBC-035,34.79301784,37.55184851,36.60702308,37.51411192,42.9434497,39.54477349,36.08243289,36.73862911,39.62959054,28.49085201,32.49917752,33.63347226,41.07089363,40.50122448,37.5291717,28.84315759,37.08458466,33.26637019,0.6507859141,0.7309993865
QBC-064,26.91178726,32.65716802,31.98063499,39.30044119,38.2292838,32.56875907,31.01744733,28.69121136,41.66500345,23.11093859,34.24289044,30.41048339,38.05994647,31.82986758,31.00500691,20.90840384,25.8052945,30.69165785,0.2687952387,0.6605860436
QBC-179,32.26870415,38.85002827,37.11201606,42.22462106,41.71871405,37.48338011,35.76607349,37.26333035,43.77437043,30.17307696,35.90172316,32.43682177,47.84921411,37.42039797,37.28081171,22.38557428,30.02335283,30.50670585,0.06732466694,0.736428677
QBC-280,30.89688545,35.07843741,31.50661957,36.47950367,35.76636782,34.2119845,31.4364636,33.26900529,38.92361048,23.98224535,32.48379209,30.32265975,40.88067756,34.38485524,33.79824926,25.12201907,31.94025732,27.31848935,0.7714451384,0.9066892908
QBC-166,32.88455402,38.7711399,39.00880888,39.95713607,42.82982379,40.25500486,36.32723482,35.89113534,45.7605434,26.25912097,37.78406072,34.42381639,43.91485566,37.35989848,32.42074593,25.28201336,29.64396602,32.72666548,0.4809841323,0.7933163137
QBC-267,32.70928248,39.29704207,35.58131958,44.76816403,43.06430019,33.88707431,35.44351482,32.68786999,44.03097469,28.55399786,38.22272809,35.70078978,45.48437738,36.7404961,38.56138784,24.34432326,33.73814842,34.27401335,0.3292064077,0.3949697312
QBC-015,32.28573162,41.61830536,37.10335669,38.31402091,40.90366643,34.31592395,37.29015878,36.8623739,46.87099999,29.67525091,32.80684317,32.38803988,50.27911688,39.23004628,37.39012505,23.56563563,34.27899677,31.39417757,0.5106410562,0.9221557288
QPRC-101,31.59098949,37.45408304,36.0627231,43.61948197,40.90934615,36.54047917,35.4405311,34.58637174,42.9697583,30.29410781,35.0508993,33.34854174,44.87777611,37.59585626,36.79504319,24.37808463,29.10755529,31.69889405,0.2636288287,0.04094531689
QBC-242,30.6816578,36.79070086,35.10909695,40.78942891,37.4795724,32.92478963,33.24019111,32.43912756,37.03626409,29.35667504,32.28773065,30.49856138,44.15622429,36.96550584,35.14599203,19.72423601,25.43137988,27.43297785,0.31051155,0.7943421091
QBC-241,31.55945643,37.68983243,36.06094975,39.75586137,39.41538423,32.46717683,32.96105165,34.58182475,38.52279411,27.0585006,34.90613455,32.73625548,45.45542586,35.02441725,35.23191048,20.08814638,31.35836261,29.29278346,0.6268534377,0.8379716494
QBC-038,31.27471484,36.77669288,36.70052989,39.94506026,40.42472432,35.70436853,35.94507924,36.43037159,41.63166056,27.08786341,33.99564884,32.57174072,43.07561118,35.54953485,30.42325723,20.46652338,29.23412627,28.22420659,0.5574498106,0.5419266925
QBC-008,34.12950661,39.68965715,38.56300765,39.31941499,40.95936051,37.0095396,35.32006594,38.60309333,42.37790417,27.84035691,37.35746569,34.95993419,47.66796186,35.70219701,38.6964504,23.12691305,34.67134638,32.65287341,0.3185795596,0.6303721999
QBC-229,37.4913869,46.17003429,43.37187833,40.67005102,45.23564937,42.65368374,42.50410378,42.28475475,49.1596195,31.02456265,38.26955328,38.5471496,48.28336111,41.79357785,39.60543842,29.33975167,40.51964831,39.02331416,0.3948432209,0.9724839185
QPRC-047,25.45653907,34.15974093,34.60166098,37.59416703,41.69438714,33.12191298,36.31276298,31.10198776,44.77916408,27.76080041,31.69196068,31.11809447,41.4433726,37.93382947,27.90759975,23.28916943,27.5059594,30.8853489,0.2579745859,0.3974473213
QBC-080,26.55453065,37.07457867,34.98733639,36.54010004,40.47443577,30.92458358,36.12604817,31.79423643,43.15726315,26.91030258,33.24530466,31.96390965,45.94910755,38.41344883,32.28025032,23.37551789,31.71698711,30.43452982,0.5822411233,0.5035396798
QPRC-008,28.65951902,32.57402474,34.45535664,40.09886034,42.453416,30.65387199,31.54556845,32.05275514,45.20618233,26.63433916,35.22576383,33.63052626,43.70203878,29.77244301,34.5016381,19.54892955,27.12311489,32.53191913,0.1616287104,0.4800517845
QBC-260,32.44017934,41.75035601,39.016069,41.2247688,41.95189772,35.40311562,39.24843777,38.4117064,46.8962116,30.17292985,34.85871056,36.43409315,49.0487635,38.20320044,36.53595496,24.3230738,36.52281784,33.61855829,0.5981338198,0.7099187628
QBC-298,29.75877528,37.5153759,31.78560481,29.47631065,34.54180767,32.00293186,34.80590587,32.6804627,36.16898958,23.3969723,30.69497284,26.34576726,37.47268196,32.11715074,32.41260343,19.50757948,28.54039338,28.31399866,0.8258235773,0.01764816102
QBC-095,30.68388222,32.74322061,30.66281558,35.21602689,38.91376364,36.38093606,31.91966928,31.14678717,35.37394872,23.67177348,30.64386637,29.54123911,34.41597721,36.08946596,31.78559517,26.27940351,33.26613726,28.97860984,0.1563917185,0.06360523439
QPRC-064,34.39608025,36.67689525,31.537349,38.25023366,38.33583326,37.34193238,35.4322375,35.02555513,37.13290128,26.57259257,33.19440153,30.08279996,38.07978253,35.86976183,33.95588938,24.50442972,32.39985176,27.66640352,0.7343005193,0.116973441
QBC-003,36.36061616,38.63135659,34.44863625,35.58247513,42.61463241,34.7263688,36.33675686,37.96475702,41.83413397,28.91348039,31.04441285,29.3869751,44.3001098,34.75182231,35.31877461,19.88678476,32.21769034,26.88449117,0.4086434321,0.8308852024
QBC-294,29.08881332,36.88751434,38.36568663,41.14345538,41.56648793,35.69220381,33.59324779,35.4774519,42.30239127,25.85976737,36.17529692,34.46469884,46.94638044,36.75553766,34.323314,23.58832792,33.08061121,32.32748926,0.7786879044,0.3062378372
QBC-270,31.02077967,37.49821267,34.00776203,35.20987203,39.15037017,33.28775393,34.98386233,34.83028643,44.39745417,27.24985145,32.59587428,29.46180946,44.95657773,34.61312048,32.44513359,20.57103022,28.50430572,27.59040177,0.8039705676,0.613293781
QBC-058,34.08410891,38.47716911,39.45502109,41.73848412,44.8279994,40.62302976,37.9542034,37.48136736,48.84880102,30.81655046,34.87511961,34.88408483,43.27216627,38.83496463,33.60939682,25.35715367,29.21304701,34.63288941,0.7860714435,0.5535515105
QBC-207,37.45975319,43.03777143,38.61057412,35.47548312,39.16660244,41.55807533,38.20791046,40.3512242,43.76379681,25.82966145,34.15162129,31.6766096,42.21559552,36.93098873,35.2739785,24.53558835,33.34919085,32.87456132,0.5922870187,0.7871430983
QPRC-005,33.89607271,39.45545034,37.78072461,44.54987673,44.04744519,39.78608267,38.61817252,37.92024536,46.0278857,28.95753928,37.98000541,35.35200278,45.33605274,39.11149811,32.98969271,26.63587092,32.00289574,31.67834682,0.6644892028,0.8246692718
QBC-243,32.95151477,39.6655251,38.13392499,41.17617661,44.43403974,36.72649854,37.0580995,38.13029464,43.64758402,30.07921129,34.83435761,32.79753708,50.40978159,41.1894358,35.74709839,24.11608386,33.39709943,28.53289666,0.6465672868,0.8192125671
QBC-049,30.9133198,36.52007147,34.13879983,34.72398954,36.14064101,35.58215575,30.74137612,33.5822521,37.08605746,25.80842521,30.12606996,30.02761837,43.28999958,37.36008914,34.3959246,23.45366309,30.6213486,27.8823262,0.425636479,0.05648415779
QIGR-026,28.49835427,35.3449777,33.16299733,34.469028,37.74688663,29.41707486,32.64657786,32.67454027,41.74881517,24.36748557,32.00133973,30.01113936,41.7523628,29.28137713,31.71915831,17.65674025,29.16406694,28.96097733,0.5135683338,0.8903349763
QBC-239,29.63911987,37.90263019,37.09979127,41.55676005,41.17355176,35.16484423,34.68523776,33.79253287,41.32643746,27.24875192,35.16518027,31.69080001,45.70393824,39.10257789,35.20140911,22.03843682,29.50036693,31.35426097,0.5012578437,0.9517815636
QBC-200,31.49460261,37.16436985,38.883738,40.30541715,45.25559797,38.25312772,36.18765567,37.02706528,40.76177571,28.51620079,34.41944146,34.60640657,46.31017841,42.30434595,34.27772716,26.8267892,35.06687383,31.18485954,0.03708381092,0.2211191609
QBC-051,34.70926341,43.04731506,41.12677831,42.69576371,45.18382878,40.15817254,40.82277712,40.38092618,46.64230168,31.71866086,39.40400389,36.77421446,51.76214458,44.09434589,37.87010924,28.55597584,36.07193917,33.76608264,0.7081160952,0.7749730475
QBC-178,24.41789943,32.49216855,31.71123404,35.31736104,35.90644024,26.8278752,32.1817852,29.37959558,39.6295022,23.06822166,29.26534053,31.80497333,40.81669736,32.50716165,29.92790047,19.53932294,29.4914281,28.90342198,0.6204306002,0.4151637641
QBC-017,30.98634471,35.43701418,34.17717167,43.65862393,42.48943587,35.76216795,35.15486801,32.59825064,44.41898088,30.25152618,34.45184346,33.38183908,44.50217254,37.16139963,33.87437629,23.52556589,28.9216725,29.52145062,0.7778085346,0.4636752335
QBC-139,28.96737479,32.50007739,33.80877523,36.41010936,39.46410933,32.65655304,31.48921637,34.15351936,36.81661281,25.5855372,27.59428182,33.19495917,39.85181098,33.80284922,29.8517838,22.08664329,34.14541774,28.78998716,0.4594094656,0.6813970222
QBC-062,30.39634475,34.47474166,31.18246242,32.58055282,36.31495829,30.10697055,32.13223415,34.20993216,37.57354169,22.21762669,29.64174281,27.92315494,40.95255088,29.29912305,29.63733534,17.18071989,28.73232443,23.69331564,0.3798055547,0.9327784383
QPRC-059,31.83432808,40.28693678,38.93080648,43.36272517,41.54983577,38.13744927,37.12984578,38.04045673,45.32524173,27.53996352,35.52490557,34.34813583,46.40064856,37.30496159,34.06016041,23.65332515,30.49532127,32.81125329,0.2918922036,0.8575657032
QBC-252,24.61096378,34.18345324,33.64188082,39.7973211,36.80884536,31.47010764,31.87832457,29.80038454,41.60842234,23.19510005,30.3847501,31.08833502,42.29853428,36.03840267,30.03612111,20.5415883,27.63255972,30.39714494,0.5572288625,0.9582025059
QPRC-025,26.21191376,37.49741442,36.07739262,35.65527578,37.28160839,30.40852816,33.34054543,31.91261844,41.36204342,26.73824603,32.75877059,30.9395511,44.74948314,34.62547787,36.2621816,21.15825717,29.71513526,32.92855557,0.0841636017,0.6336035391
QBC-078,36.14753663,40.531388,37.50852545,42.64077053,45.1828015,42.44437696,40.39462571,37.90933406,39.96315094,31.16951919,34.47689194,32.94238276,41.4170921,43.54249526,36.05591772,27.69864155,35.78351336,32.55988837,0.6312816691,0.06661087959
QBC-262,37.33730739,40.43146091,35.76872969,38.57617393,40.11466042,44.77342769,37.65192658,37.67074682,42.0350625,26.29547908,37.60649791,31.03684181,37.46110065,37.80622785,33.52382823,28.1799618,30.99058331,31.2714255,0.9445704879,0.8714084462
QBC-204,33.25262963,41.22740097,35.52662646,33.87513652,40.15094003,37.63359699,39.69627467,35.44628587,38.52260365,29.13834611,31.27526605,30.1075245,41.23159784,40.72133306,35.89952404,25.29412498,34.93461788,31.26060507,0.8912375349,0.3608708396
QPRC-010,30.9645045,35.38054351,34.5265103,39.72964431,42.29545243,36.62769298,35.10545654,34.85212855,44.53389159,29.00977985,31.36157698,30.37597986,42.54346047,35.63763339,31.11464727,20.92923243,27.60304771,28.74100416,0.8785825798,0.6394645006
QPRC-021,30.88335063,36.47576841,35.49569499,38.70613795,41.08096247,35.92968435,35.37996576,36.24814319,43.13737545,26.47754668,30.7756323,31.06829315,42.00558832,35.04820155,29.45202672,20.08376906,30.53023293,28.83997517,0.344751627,0.9073996459
QPRC-096,27.26220611,33.27762824,32.81504032,34.1091648,34.3786695,35.04089307,32.23187086,31.08570344,39.42247191,21.61662231,32.15395645,30.44944343,36.21992507,32.36295678,26.17789636,24.02463985,25.14575093,27.57989742,0.703100532,0.5070493821
QPRC-116,31.90932818,35.87410227,32.30400612,38.2377,38.71800065,37.73020619,33.63992766,34.85995908,40.20664262,27.31607917,31.6250226,27.39879128,39.24620712,33.46620649,32.21058152,20.83055815,26.48658495,26.83917249,0.5273376047,0.8592468041
QBC-251,33.81582265,39.27971141,36.66317023,38.8185849,39.85715677,40.70992517,34.58672021,36.42659263,45.06036392,26.03678874,38.02837508,30.64983455,42.16480158,35.19725635,34.6360713,24.52454074,27.43411928,31.53757921,0.6593169556,0.9968030573
QBC-213,32.88132948,36.80723653,30.99390599,36.2007562,36.73662877,36.99820127,34.147254,33.15095262,35.0934755,23.86059278,32.54956471,28.39243893,36.68389894,36.13862372,33.68739786,24.6677894,32.90020421,27.77390906,0.2682906337,0.9984671442
QBC-303,31.72930805,40.71608072,38.32822849,44.82535062,42.90638629,36.17779867,39.57487192,35.31726352,43.08454112,26.77238214,37.02094805,36.12814634,45.36353205,40.10908885,34.54163416,23.89306516,34.66889723,34.02941428,0.6077670794,0.2964234085
QBC-002,31.30125244,42.49122279,38.26436112,39.33250664,40.88578767,37.07356057,40.16252846,36.66006481,45.002718,30.36288707,36.63796622,33.01697723,48.55466627,42.41574482,35.7875955,25.71556555,32.77771946,32.15200002,0.04815737001,0.2529597073
QBC-263,29.25048633,38.19795828,33.37049396,33.84336218,38.19043921,32.45153984,32.05354263,32.93574387,37.76911984,25.1620302,31.11380995,27.34985147,44.59892108,36.61435742,34.69605392,21.60731841,31.70916416,27.71964805,0.6955006394,0.2177769228
QPRC-060,31.95470209,42.25450983,40.11257915,45.18306164,43.29274706,38.96472276,38.35970874,36.83465577,44.38801014,28.22702098,38.52528449,34.61073632,48.06314921,41.26573497,37.5899651,25.04219486,33.49895765,34.79675188,0.2992718777,0.4665613693
QBC-023,31.20870725,36.00897751,29.52056138,39.89631591,34.98149301,31.88038402,33.35888405,29.82532121,36.20374425,27.46417793,34.98966852,30.14873214,39.29633192,35.0269778,31.97976511,22.71134238,27.53010435,25.55471037,0.1656355549,0.8766639496
QBC-255,35.49446526,38.30775815,36.01999772,40.01047175,41.63896163,40.8102378,35.26213872,34.94058694,45.72229677,28.6542775,38.73403385,31.97603699,42.783723,33.94523394,35.88768358,24.00966747,25.68810584,30.46739724,0.3322519401,0.4385106695
QPRC-102,29.37085941,39.17882049,37.64873824,42.60681661,43.80476086,31.60667395,37.35230236,34.66542408,47.71761211,29.32559095,34.70390406,36.34570335,49.06397143,37.03656446,36.87395394,23.87199811,34.81790824,35.27305245,0.1654377455,0.2157438392
QPRC-003,35.68320276,41.46002831,36.95748244,35.96050893,39.00631022,35.8549005,36.5908859,37.52785943,39.063357,30.76959653,31.87000745,32.55560536,45.80361202,38.13388315,37.57170632,23.31483551,35.06667897,29.5412953,0.914637981,0.4933786859
QPRC-006,29.07049727,37.59940813,37.04729998,37.36779362,40.6460445,35.99841544,35.96232615,34.52874374,40.87560262,28.14759868,31.43094824,32.0433429,44.47546934,41.08786489,33.80862794,25.72739867,32.62715588,31.24450427,0.2840250059,0.92503506
QPRC-041,28.91113758,34.84145869,32.7725707,32.021422,37.48938484,30.65630804,32.9739138,32.36140931,42.08122724,21.94973103,32.12191728,29.28141021,40.01324636,30.6722354,28.51262497,19.60315266,27.50179605,27.76729253,0.1076072648,0.1129458085
QBC-203,27.85476795,35.05140075,35.60435024,38.41267631,42.43953272,29.88602874,32.74310742,32.57779749,42.96209182,23.73571353,33.16254006,34.52499355,45.76514195,34.19942569,33.14332659,21.70377007,36.10501186,31.59130357,0.1170017702,0.3865035105
QBC-223,37.76489895,41.7108138,38.12962757,38.02253476,44.05468888,38.41991678,38.0610028,39.41078301,43.37913089,28.96368834,35.86564015,34.62344649,47.49063123,39.38747526,40.66443289,25.496743,38.39025184,33.5029655,0.7555235988,0.3987470223
QBC-246,32.20038123,42.35967632,39.24030451,40.57468488,42.25309578,41.38704631,40.2257327,37.11659016,45.81006119,30.1721299,37.48103572,34.46568201,43.43632103,41.63382355,36.45599023,30.46204728,33.68526972,36.82879015,0.8388944582,0.3079560976
QBC-284,31.07869117,40.77749108,36.22263983,36.29841163,38.27247796,34.03572298,35.96447383,35.66554109,44.32854552,27.15280519,32.58280986,31.39170987,47.69294368,38.47027659,36.47291847,23.3881488,33.50694133,31.13736492,0.03553702667,0.0549631328
QBC-289,27.6349252,37.28573623,34.58322788,37.39631882,36.68917236,36.00162883,31.94840662,31.39750468,45.83318729,24.41624731,34.88567824,28.83424741,40.05587044,33.11151572,33.13270293,22.96479407,24.16040556,33.50697247,0.1214437698,0.2115198335
QPRC-048,33.49472437,40.8620685,37.00854706,35.28013466,39.50466345,34.70870227,35.61772073,37.71824135,44.47868798,26.53572192,34.75531342,32.64046372,47.06596024,34.76234936,37.66327754,23.73657718,33.18332497,32.43604099,0.8910080551,0.9369531755
QBC-272,32.83889366,35.1978674,34.56981794,38.93862778,45.24065121,34.54343647,34.87875769,35.94311609,42.5980243,28.19289311,33.52280338,34.61702696,44.81977098,36.6157661,35.17459636,26.0854967,36.84885533,30.56458997,0.5150922342,0.2402873704
QBC-167,32.97310104,36.91601518,36.80412898,40.75799589,44.31049112,35.61372448,36.34184876,38.04644449,46.44748701,31.31768671,31.38248294,35.16577656,47.72331178,37.58291877,35.96539132,24.2018176,34.131831,31.73139584,0.9244190116,0.01485653449
QBC-105,34.54010636,43.3234139,40.31921256,46.02692745,43.88687392,41.2767198,39.51773159,37.98975793,48.1277604,30.29245943,38.69213059,37.1382893,48.97027054,43.70560543,39.13201373,29.46516203,36.72787036,36.22665734,0.5812426297,0.4260958583
QBC-141,36.70592264,40.6933438,36.06448562,42.74056171,42.1556314,36.84646442,37.59631409,38.39404774,41.48565603,29.91260669,36.73950177,33.86425261,47.85502295,38.56227531,36.14599938,24.67072386,34.38092959,28.08961209,0.7732563873,0.6213697483
QBC-261,30.94384663,42.0668536,39.44990995,41.49790768,40.32965193,38.51472252,38.27745343,36.30114156,46.79471795,28.31400136,36.65592941,33.7416153,46.13291695,39.27001191,36.25365326,25.06708426,30.43914771,35.5632017,0.4226768943,0.3610792398
QBC-299,34.03349057,42.38334372,38.12517094,41.67784166,44.01050976,39.76478799,39.86492988,38.53960756,46.59190702,29.98902753,37.28791577,33.14404304,47.58030072,40.851359,34.37655711,27.27665,33.8335777,30.96194412,0.8254647513,0.9589542694
QBC-192,24.69885263,36.64066525,30.68252772,36.20831979,32.23698772,29.3914074,33.00896568,28.27024688,34.17599649,21.86295479,29.1963149,25.85331657,39.8004268,35.35397315,26.50102446,16.29823659,26.18412181,24.47949056,0.3854045617,0.1519708928
QBC-001,24.42574236,32.28893512,32.02543432,32.29648271,34.22193618,31.02056401,29.4163611,28.29701885,38.86904923,21.33074209,30.34086507,28.27943137,38.35169819,31.6776677,27.00667384,18.90920861,25.18286343,27.11419965,0.3543459623,0.9514419114
QBC-287,36.07610992,45.24187512,38.21633392,45.35837371,40.51761054,40.91909255,39.23958517,38.54252262,40.00317227,28.84935816,39.47094104,33.04637097,46.64780223,41.27839435,38.41900454,25.73726356,34.10541582,31.68288826,0.4280785225,0.4785828241
QBC-036,27.62215334,34.75746163,32.8751274,32.65119317,33.48016526,30.55772523,28.47138206,32.96873944,38.07068162,21.67386838,29.6715648,28.58441985,43.07595417,30.34043089,34.03318865,18.21858947,29.99072892,27.833174,0.3950651816,0.8074321541
QBC-254,34.66465027,40.44058544,39.47425287,41.24233647,46.36088538,36.3487109,37.24539925,36.48902303,46.81066679,29.16051301,38.0695157,37.826789,50.45815181,39.78639187,40.33923126,26.75067602,38.48475697,35.15838036,0.8446297141,0.6329339729
QBC-053,31.9992317,37.82739343,36.15282293,36.09059215,40.93078683,35.51126727,33.82634108,36.06721215,43.43444343,25.16001994,34.09022572,31.12492013,46.36419942,35.94530367,33.65578409,22.7219008,32.08037513,28.90163094,0.3738238092,0.1793234497
QPRC-009,30.25025122,34.74810313,32.8616568,37.23703353,36.27329394,32.18799275,32.13815911,32.02685925,44.86222845,23.98593805,32.01924315,33.48378629,39.94709565,31.35321107,33.62510301,23.03163045,29.11948897,32.57441827,0.3715809762,0.03715947899
QBC-257,30.49055918,42.05740093,38.66962154,39.56745039,43.12473312,36.77687238,37.63622482,36.6076436,44.98885351,27.86104149,35.11517215,32.08455083,50.69851654,42.80161374,35.61671771,25.94225922,35.6226675,31.35644724,0.415942958,0.9466166553
QBC-212,32.86906826,39.57516106,38.01121136,42.67602877,43.42180269,36.52797579,34.47406604,37.54788994,42.85392915,29.84545472,34.33763352,34.76089232,48.60766825,37.36466858,39.01076641,24.62842836,34.40135887,33.3358856,0.4245444764,0.8901789401
QBC-165,39.03446953,44.88062182,42.46155997,43.74705688,49.53461478,41.58784788,40.82484109,43.29792831,52.05035112,32.92404796,39.94552678,37.79019184,54.42660476,41.81598617,40.24791018,27.84662624,38.34993271,34.62804536,0.6628048428,0.7310343138
QPRC-007,34.88066769,41.6440746,36.54051856,42.27968944,41.07701039,37.36727255,36.03134618,36.93132758,40.25181636,28.04133228,37.8179789,33.01668926,47.15026437,38.41587074,38.27551565,25.28073321,34.57116392,30.29172378,0.1897759256,0.4587460975
QBC-054_r1,31.10837874,35.59084665,34.93858169,30.90301808,35.90113006,34.68685012,30.23422061,36.02599567,35.82856602,22.77537071,29.49949745,28.63723951,40.00376392,31.21058627,33.20105307,20.70385429,31.0969867,27.76659132,0.7224786511,0.4199958201
QBC-258,37.49147708,45.23390185,41.94135917,42.74505618,46.96772825,39.56698983,41.17384141,41.68882895,44.78379857,30.63590524,38.89097386,36.20618058,52.69791368,44.10752628,40.00263169,27.61340002,39.89609868,33.22693237,0.2536609729,0.8392124824
QPRC-120,32.74221012,40.16435529,39.86449816,39.17509142,40.69958208,38.09187601,35.41275658,39.54580391,43.82558,27.05168177,34.89716288,35.46644867,49.52447955,38.80120154,36.09771591,25.63623401,36.56386429,31.82038004,0.9626741385,0.4837969862
QBC-222,25.42262156,33.58916804,34.27683895,33.01865759,34.83353599,35.04776963,28.50003961,31.05780926,40.07031327,20.94801294,26.27518963,28.95420287,35.94690325,32.31448291,30.95407084,21.73447824,29.02272368,33.51574431,0.1326612458,0.4024654527
QBC-233,40.20118581,45.46251902,43.21332579,44.7992294,46.78156287,42.18693307,41.07877598,44.39901698,45.92917766,33.72629463,40.2712146,37.58658119,52.85874846,41.84643944,37.31259336,26.35218437,37.27514294,31.20433683,0.8067966974,0.3803763791
QBC-043,34.04605155,40.72719847,38.32858204,41.58050903,43.43799008,40.19309655,37.47022288,38.19427509,43.39244831,29.77817884,36.13080136,32.14084603,47.63573028,40.26307111,38.85543715,24.22887687,33.11446624,32.22238788,0.3549954504,0.9464617364
QBC-024,30.92702935,37.67728354,34.14851813,38.77464403,37.92525672,39.26084628,34.66635054,32.72010846,42.81358461,26.6628066,34.64489206,30.81486987,37.60630881,37.11317972,34.14229815,27.79923881,29.34851713,33.81918203,0.0846383048,0.6528645668
QPRC-111,32.51168221,39.80105112,33.51002098,40.57798746,39.06301712,35.25226058,36.39075414,31.66615277,39.46830752,27.14937919,34.88972579,30.98579723,39.38826841,37.76185314,31.63474306,23.48009559,30.12054841,30.19485955,0.7311687757,0.1693392209
QBC-020,35.48868091,39.61089587,34.97125045,37.31085233,38.70214663,42.66021965,38.29203994,38.35125993,42.44793089,27.99447824,34.58942713,31.08256106,37.83103683,36.60671004,31.52172582,28.15010425,30.35590108,30.1615285,0.9966008546,0.7392312802
QBC-244,35.31156426,38.61068043,33.69346039,36.09010282,38.2302991,37.23370639,33.0586437,35.60312158,38.70533911,28.71257107,31.46343361,26.22337432,41.88328596,34.84783886,31.23822896,19.26376236,24.50235398,23.53238983,0.009592770783,0.3802060938
QBC-206,31.41116625,37.21639275,32.55059837,33.8325876,34.75299762,33.84436,32.42939402,33.33995107,38.04381177,23.01367502,30.46706151,27.18029855,40.16919543,34.01440058,32.46207996,21.20466165,29.02643021,26.21794906,0.2375733875,0.8067721583
QBC-216,39.34817624,45.94453991,42.33554952,45.98636456,49.0144659,39.82558242,43.67578976,40.78735709,50.70217116,36.46044059,40.90402719,37.9691377,53.20771595,43.58390768,39.84110174,27.12338733,35.09701892,34.68512244,0.4619247817,0.3725993674
QPRC-013,25.93546827,34.20802987,33.47268737,36.08904605,39.54907928,30.24005978,35.69041746,31.00092324,45.36924812,25.06427525,32.36322342,30.4787344,40.41798562,33.34969639,25.90467956,20.44634714,24.85854517,29.09522411,0.7652588379,0.2068853199
QBC-014,35.95485318,39.47491938,39.82482291,37.16224436,44.06013426,37.63244515,36.17889958,39.95715673,43.69482936,29.86962677,34.98273967,34.52242074,49.64115852,39.1220413,36.96441796,26.03797619,34.33818363,29.93224362,0.9725033143,0.4905798359
QBC-285,28.84652159,38.92144272,31.04778629,34.24614978,32.32535631,30.88714061,34.40991184,31.53015545,37.49118165,25.58427111,30.66951541,27.5905244,41.58641196,35.7492473,32.61215704,21.87305952,29.18174682,26.10253118,0.915946998,0.192319911
QIGR-009,38.7732305,49.67522486,43.28738784,44.72899057,46.52548983,42.30183296,45.76157271,42.8203435,47.40603508,32.46531375,41.32268005,37.58098082,52.9773152,45.90072235,41.76677328,28.97930664,41.42285017,36.56539321,0.587446781,0.1842580193
QBC-126,36.94568697,39.096003,36.19872851,39.94523708,44.50455213,37.15453785,37.34111171,37.45820329,49.62652586,28.39156588,38.22193799,34.475929,44.395946,34.24445948,35.42832797,24.3566756,31.55531052,32.56780565,0.4443753281,0.3007509983
QBC-016,35.74001977,40.49270571,38.77123389,36.76490042,42.3129733,36.73194722,36.02010688,40.42203327,45.45319698,27.01885244,35.09857985,35.4256057,49.09581683,36.08466295,37.2643742,25.4620624,36.95708869,31.69242841,0.4410759401,0.5921672864
QPRC-004,30.37211474,37.38602344,31.76882044,28.43261682,32.40825474,30.46329596,33.01798761,33.11083153,38.07198535,21.37701615,28.44908464,25.65689416,38.49778852,30.30024553,29.68428421,17.46465032,26.34311786,25.21083481,0.6939913714,0.496116152
QBC-077,35.76243739,40.82928604,38.36306319,43.25204679,45.0569116,37.55281942,39.23987996,38.22107966,44.3319911,29.10905962,39.16896291,37.7788548,47.19243315,39.44126013,38.48044317,27.61324577,38.71269872,34.05125445,0.7266409737,0.9166519658
QBC-228,32.63658567,36.8261626,36.07576909,37.53284032,39.70336544,35.62499795,33.56306102,34.88346829,36.79463757,26.28737889,33.79257605,34.73828606,42.42865698,36.00513755,33.76799942,23.33613639,35.04874002,29.95690935,0.7347327575,0.6468660463
QBC-201,36.37658837,44.77692668,39.22858039,43.92852201,39.93541712,42.23846935,40.69434574,40.40714441,42.38494142,28.41157115,37.93969983,35.10847977,46.20558895,42.23520891,38.00425172,27.93665255,35.96490857,32.99550361,0.3842205296,0.1304642656
QBC-276,28.40747045,34.16367954,29.54603002,33.62541088,34.36674425,29.66618206,32.96142252,30.45783824,34.20420099,24.61623917,27.744076,26.95245599,35.72524113,31.5544697,32.78065758,19.2576768,28.10785802,27.12529049,0.9453959114,0.8146938873
QPRC-042,34.42649589,39.36814337,36.32866523,39.25450275,41.53568562,33.41056744,37.66152344,39.06584867,39.61333039,29.86771609,30.623571,31.31912225,48.76780164,38.05436175,35.07551625,20.80677773,32.32215949,25.49271314,0.7936692648,0.2128300454
QBC-159,39.30259394,45.73317605,42.06107726,48.71114647,46.45272984,41.67039611,40.9246532,43.31030848,50.99797762,37.49415609,39.35269196,38.191823,56.03521658,41.87238965,43.46690721,26.5259426,34.50290076,34.61355023,0.2578146655,0.04171737216
QBC-044,31.46043018,35.17592461,32.41557296,32.92642507,37.07029266,28.75026527,29.88423034,34.60920527,36.62668736,24.05088959,30.3144191,27.91691756,43.30610162,28.5857614,31.63609713,15.84499759,29.45854365,23.29223295,0.636486942,0.3496091067
QPRC-105,31.47480281,39.33515918,37.9675772,37.28360636,41.9576787,38.85150383,35.38906781,35.17667093,41.54012592,28.57199019,35.30092908,32.59787438,45.7120303,40.71198718,38.01002278,26.80848183,33.03688968,33.14485592,0.8451405233,0.6973339294
QBC-296,31.81045125,36.94050034,37.22007855,39.3311182,43.31234226,36.84818013,36.16233923,36.88242576,40.13766306,26.70481576,34.21532442,35.1487249,44.63270023,38.68898542,34.0036277,25.70792344,36.16158036,31.50121615,0.007775148666,0.2632499628
QBC-209,32.29599055,39.39471306,34.41739404,37.64963548,36.85795747,36.93772383,34.59775307,35.21390285,35.77911062,25.60312078,31.97086288,28.99374692,42.32009566,38.17075705,33.14195896,21.47948372,31.03366843,27.19482583,0.07703627432,0.3198365
QBC-250,36.87033241,38.87959996,35.43740484,36.94662806,42.45825233,37.47780975,36.34387076,34.54132452,45.8975336,31.24925801,37.86338633,34.5051935,44.17188767,34.85616825,39.48756062,26.26450756,31.95028754,31.95819805,0.989425139,0.9579067356
QBC-235,27.90707641,35.73324673,32.05887049,37.31189151,35.28120608,33.23221712,33.18817744,30.29591949,37.07063157,23.66883738,31.29025282,29.75103439,35.78654308,33.31934806,30.05896931,22.72077942,27.71162516,30.46394288,0.7909650122,0.9840338168
QBC-265,36.24273904,38.5125569,36.98293243,40.59707631,44.31439674,40.42106447,37.57473096,35.72455553,45.23623924,29.48460744,37.99653946,34.73870216,42.68437064,37.69478149,37.32480363,26.74521401,32.70607273,33.33252406,0.7368873803,0.6364599555
QBC-113,27.95032405,42.73861303,36.90373532,44.39821788,41.32840479,35.96975255,42.05095499,31.89723045,44.21092412,27.76735843,37.00945866,33.29772587,43.79746587,43.60511826,32.01607512,25.99897099,34.22451334,34.53205345,0.8663898458,0.7529076184
QBC-019,38.61985848,40.99060622,41.20469117,44.63942312,47.87579578,44.16635735,41.5281035,38.99994284,48.00323626,33.91292442,39.91048062,38.65440759,46.86948386,41.44483182,38.95932574,27.86760985,32.49733244,35.74253902,0.2307541223,0.9622445473
QBC-277,28.49394672,36.58826064,34.97470794,33.25275331,38.56744508,35.54012036,35.07180881,32.37203341,39.35443489,27.26089287,32.0827868,30.15264101,42.87908931,39.5644032,33.24449394,25.37755624,30.93210024,29.60757882,0.1055022495,0.8250616911
QPRC-095,35.44920783,42.98874223,37.06824099,36.34128317,41.17553024,37.70971864,37.33909919,37.08605546,43.64767084,28.34386786,34.62368526,30.54007978,46.28870509,39.69207598,36.33976223,24.1847519,33.78923932,30.92244253,0.7429352694,0.2202412956
QBC-068,30.94457263,35.39336655,35.59584902,37.8605147,39.73901076,35.16994531,32.51075627,32.32642204,43.08470348,25.56324232,36.08366216,32.51433918,42.34613092,33.54583805,35.71365564,21.88162751,27.5132836,32.38172356,0.4751563433,0.2381088492
QIGR-042,29.71415205,37.54236909,31.30461627,36.81635071,35.97229336,35.40771234,36.8463837,32.26427438,40.9371912,27.10902844,33.9120983,27.69633407,38.60566631,35.9952553,29.48697575,24.14396654,26.4505639,26.47851847,0.7596528343,0.3107021123
QBC-288,25.90531749,37.56626236,34.77829421,31.29419335,33.98673608,32.62963918,33.54154375,33.87805341,40.42442285,22.81846605,29.79974298,28.54172667,42.8890246,34.51554235,28.5289228,21.59758004,29.95949945,27.46586462,0.4859931324,0.980508991
QBC-211,34.09972667,40.55911149,37.13078528,41.44018974,43.35776052,37.8117082,37.06217235,35.59975248,46.40680596,26.54311525,37.65415979,33.42451784,45.07717174,38.74567132,35.48613121,25.82240386,33.79414768,33.16934868,0.275933791,0.6388205611
QBC-104,30.39354808,35.32293461,33.85042312,35.58738304,36.88707491,29.16550662,32.83603034,33.25178807,40.08619982,27.50158513,31.17833205,34.3786156,44.75465796,31.57796503,33.72156198,20.32242276,32.0028618,27.92211121,0.3817833672,0.9049183914
QPRC-098,33.34397909,33.473925,29.50224314,35.41215171,35.98363057,34.04644552,31.04512231,31.383834,38.13105481,24.45055164,34.39432232,29.26157767,36.37806186,28.45814259,34.69423992,21.42083693,26.75666182,27.15941297,0.6762013985,0.01369273508
QBC-278,30.69447762,36.1980616,33.99605422,36.50766401,40.08972381,36.22901155,36.3934035,31.58820598,41.21153646,25.2204652,34.02315697,30.0596907,35.35658041,35.57673522,29.44866263,23.7273603,27.73666073,31.12900988,0.7364710307,0.7667016112
QBC-197,37.68145838,41.6453197,36.94416108,35.23916001,41.73372951,38.45945614,37.76421929,38.47527653,42.63620987,26.69606804,35.04827206,32.15044809,43.92721811,36.39324226,37.5131298,22.81298041,35.81290195,32.20744982,0.9706046952,0.004398189216